{"cameraMode":{"drawMode":0,"name":"Shaded","section":"Shading Mode"},"sceneLighting":true,"audioPlay":false,"sceneViewState":{"m_AlwaysRefresh":false,"showFog":true,"showSkybox":true,"showFlares":true,"showImageEffects":true,"showParticleSystems":true,"showVisualEffectGraphs":true,"m_FxEnabled":true},"in2DMode":false,"pivot":{"x":-2.7749710083007814,"y":1.6534308195114136,"z":0.8181626796722412},"rotation":{"x":-0.13291360437870027,"y":-0.7405772805213928,"z":0.15368300676345826,"w":-0.6405230164527893},"size":1.1144767999649048,"orthographic":false}